{"initial_reset_timestamp": 1531226852.0057354, "timestamps": [1531226856.6825418], "episode_lengths": [200], "episode_rewards": [200.0], "episode_types": ["t"]}