{"initial_reset_timestamp": 1530679661.9624789, "timestamps": [1530679665.3466182], "episode_lengths": [200], "episode_rewards": [-1054.961106188562], "episode_types": ["t"]}